<?xml version="1.0" encoding="UTF-8" standalone="yes"?>
<addon id="plugin.video.kdglive" name="KDG Live" version="1.1.2" provider-name="Torro">
	<requires>
		<import addon="xbmc.python"                 version="2.1.0"/>
		<import addon="script.module.beautifulsoup" version="3.2.1"/>
	</requires>
	<extension point="xbmc.python.pluginsource" library="addon.py">
		<provides>audio video</provides>
	</extension>
	<extension point="xbmc.addon.metadata">
		<summary>Bekijk/luister kerkdienstgemist.nl livestreams</summary>
		<description>Deze add-on stelt u in staat de diensten die live worden gestreamd via kerkdienstgemist.nl te bekijken/beluisteren</description>
		<news>
v1.1.2 (2017-12-23)
- Properly decode html-encoded characters in stream titles

v1.1.1 
- Pre-v2 release quickfix (functionality)

v1.1.0-beta
- Fixed bugs in stream resolution

v1.0.3-beta
- Streams which require registration are disabled

v1.0.2-beta
- Dropped Requests module dependency due to SSL/TLS bug

v1.0.1-beta
- Add-on licensed under GPLv3
- Refactored the hand-off of the selected stream
- Minor cleanup/changes/fixes

v1.0.0-beta
- Initial publication
		</news>
		<platform>all</platform>
		<language>Nederlands</language>
		<license>GPLv3+</license>
		<forum>https://github.com/Torro/plugin.video.kdglive/issues</forum>
		<website>https://github.com/Torro/plugin.video.kdglive</website>
		<email>kdglive@tutanota.com</email>
		<source>https://github.com/Torro/plugin.video.kdglive</source>
		<disclaimer>Copyright (C) 2017 Torro.

		This program is free software: you can redistribute it and/or modify
		it under the terms of the GNU General Public License as published by
		the Free Software Foundation, either version 3 of the License, or
		(at your option) any later version.

		This program is distributed in the hope that it will be useful,
		but WITHOUT ANY WARRANTY; without even the implied warranty of
		MERCHANTABILITY or FITNESS FOR A PARTICULAR PURPOSE. See the
		GNU General Public License for more details.

		You should have received a copy of the GNU General Public License
		along with this program. If not, see http://www.gnu.org/licenses/</disclaimer>
	</extension>
</addon>
