<?xml version="1.0" encoding="UTF-8" standalone="yes"?>
<addon id="repository.torro" name="Torro's repository" version="1.0.0" provider-name="Torro">
	<extension point="xbmc.addon.repository" name="Torro's repository">
		<info>https://raw.githubusercontent.com/torro/repository.torro/master/addons.xml</info>
		<checksum>https://raw.githubusercontent.com/torro/repository.torro/master/addons.xml.md5</checksum>
		<datadir>https://raw.githubusercontent.com/torro/repository.torro/master/</datadir>
	</extension>
	<extension point="xbmc.addon.metadata">
		<summary>Torro's repository</summary>
		<description>A repository hosting Torro's Kodi addons</description>
		<platform>all</platform>
		<news>
v1.0.0 (2017-12-23)
- Initial version
		</news>
	</extension>
</addon>
