<?xml version="1.0" encoding="UTF-8" standalone="yes"?>
<addon id="repository.torro" name="Torro's repository" version="1.1.0" provider-name="Torro">
	<extension point="xbmc.addon.repository" name="Torro's repository">
					<info>https://Torro.github.io/repo/addons.xml</info>
					<checksum>https://Torro.github.io/repo/addons.xml.md5</checksum>
					<datadir>https://Torro.github.io/repo/</datadir>
	</extension>
	<extension point="xbmc.addon.metadata">
		<summary>Torro's repository</summary>
		<description>A repository hosting Torro's Kodi addons</description>
		<platform>all</platform>
		<news>
v1.1.0
- added plugin.video.eptv

v1.0.0
- initial version
		</news>
	</extension>
</addon>
